{"cameraMode":{"drawMode":0,"name":"Shaded","section":"Shading Mode"},"sceneLighting":false,"audioPlay":false,"sceneViewState":{"m_AlwaysRefresh":true,"showFog":true,"showSkybox":true,"showFlares":true,"showImageEffects":true,"showParticleSystems":true,"showVisualEffectGraphs":true,"m_FxEnabled":true},"in2DMode":false,"pivot":{"x":219.94937133789063,"y":366.39630126953127,"z":4.729217529296875},"rotation":{"x":-0.02815263718366623,"y":0.04945584386587143,"z":0.001398304826579988,"w":0.9983905553817749},"size":215.6085205078125,"orthographic":false}