{"cameraMode":{"drawMode":0,"name":"Shaded","section":"Shading Mode"},"sceneLighting":false,"audioPlay":false,"sceneViewState":{"m_AlwaysRefresh":true,"showFog":true,"showSkybox":true,"showFlares":true,"showImageEffects":true,"showParticleSystems":true,"showVisualEffectGraphs":true,"m_FxEnabled":true},"in2DMode":false,"pivot":{"x":33.077117919921878,"y":-121.89701843261719,"z":138.0740966796875},"rotation":{"x":0.007791559677571058,"y":-0.06745213270187378,"z":0.0005303999641910195,"w":0.9977025985717773},"size":1056.0386962890625,"orthographic":false}