{"cameraMode":{"drawMode":0,"name":"Shaded","section":"Shading Mode"},"sceneLighting":false,"audioPlay":false,"sceneViewState":{"m_AlwaysRefresh":true,"showFog":true,"showSkybox":true,"showFlares":true,"showImageEffects":true,"showParticleSystems":true,"showVisualEffectGraphs":true,"m_FxEnabled":true},"in2DMode":false,"pivot":{"x":29.704734802246095,"y":249.21372985839845,"z":11.182952880859375},"rotation":{"x":0.13633063435554505,"y":-0.028233958408236505,"z":0.0038934056647121908,"w":0.9902783036231995},"size":269.2827453613281,"orthographic":false}