{"cameraMode":{"drawMode":0,"name":"Shaded","section":"Shading Mode"},"sceneLighting":false,"audioPlay":false,"sceneViewState":{"m_AlwaysRefresh":true,"showFog":true,"showSkybox":true,"showFlares":true,"showImageEffects":true,"showParticleSystems":true,"showVisualEffectGraphs":true,"m_FxEnabled":true},"in2DMode":false,"pivot":{"x":112.48001861572266,"y":223.98544311523438,"z":-38.721832275390628},"rotation":{"x":0.05568103864789009,"y":-0.05987708643078804,"z":0.0033434827346354725,"w":0.9966761469841003},"size":353.94659423828127,"orthographic":false}